name,num_cycles,initial_cost,cycle_cost_$,cycle_time_hours,protein_per_cycle_mg
CFPP Lab,100.0,259083.33333333334,57915500.68543209,40,200.0
CFPP Prototype,10.0,77840.66666666667,28957.750342716045,40,0.1
